Time,Watts Total,Watts R Ph,Watts Y Ph,Watts B Ph,PF Ave,PF R Ph,PF Y Ph,PF B Ph,VLN average,V R Ph,V Y Ph,V B Ph,A average,A R Ph,A Y Ph,A B Ph,Frequency,Wh received,Load Hours Delivered,No of interruption,On Hours,V R Harmonics,V Y Harmonics,V B Harmonics,A R Harmonics,A Y Harmonics,A B Harmonics
2025-07-25 14:14:06,0.0,0.0,0.0,0.0,1.0,1.0,1.0,1.0,0.0,0.0,0.0,0.0,0.0,0.0,0.0,0.0,0.0,0.0,0.0,41,134:51:56,0.0,0.0,0.0,0.0,0.0,0.0
2025-07-25 14:14:11,0.0,0.0,0.0,0.0,1.0,1.0,1.0,1.0,0.0,0.0,0.0,0.0,0.0,0.0,0.0,0.0,0.0,0.0,0.0,41,134:52:02,0.0,0.0,0.0,0.0,0.0,0.0
2025-07-25 14:14:17,0.0,0.0,0.0,0.0,1.0,1.0,1.0,1.0,0.0,0.0,0.0,0.0,0.0,0.0,0.0,0.0,0.0,0.0,0.0,41,134:52:07,0.0,0.0,0.0,0.0,0.0,0.0
2025-07-25 14:14:23,0.0,0.0,0.0,0.0,1.0,1.0,1.0,1.0,0.0,0.0,0.0,0.0,0.0,0.0,0.0,0.0,0.0,0.0,0.0,41,134:52:13,0.0,0.0,0.0,0.0,0.0,0.0
2025-07-25 14:14:28,0.0,0.0,0.0,0.0,1.0,1.0,1.0,1.0,0.0,0.0,0.0,0.0,0.0,0.0,0.0,0.0,0.0,0.0,0.0,41,134:52:19,0.0,0.0,0.0,0.0,0.0,0.0
2025-07-25 14:14:57,0.0,0.0,0.0,0.0,1.0,1.0,1.0,1.0,0.0,0.0,0.0,0.0,0.0,0.0,0.0,0.0,0.0,0.0,0.0,41,134:52:47,0.0,0.0,0.0,0.0,0.0,0.0
2025-07-25 14:15:02,0.0,0.0,0.0,0.0,1.0,1.0,1.0,1.0,0.0,0.0,0.0,0.0,0.0,0.0,0.0,0.0,0.0,0.0,0.0,41,134:52:52,0.0,0.0,0.0,0.0,0.0,0.0
2025-07-25 14:15:08,0.0,0.0,0.0,0.0,1.0,1.0,1.0,1.0,0.0,0.0,0.0,0.0,0.0,0.0,0.0,0.0,0.0,0.0,0.0,41,134:52:58,0.0,0.0,0.0,0.0,0.0,0.0
2025-07-25 14:15:14,0.0,0.0,0.0,0.0,1.0,1.0,1.0,1.0,0.0,0.0,0.0,0.0,0.0,0.0,0.0,0.0,0.0,0.0,0.0,41,134:53:04,0.0,0.0,0.0,0.0,0.0,0.0
2025-07-25 14:15:42,0.0,0.0,0.0,0.0,1.0,1.0,1.0,1.0,0.0,0.0,0.0,0.0,0.0,0.0,0.0,0.0,0.0,0.0,0.0,41,134:53:32,0.0,0.0,0.0,0.0,0.0,0.0
2025-07-25 14:15:47,0.0,0.0,0.0,0.0,1.0,1.0,1.0,1.0,0.0,0.0,0.0,0.0,0.0,0.0,0.0,0.0,0.0,0.0,0.0,41,134:53:37,0.0,0.0,0.0,0.0,0.0,0.0
2025-07-25 14:15:53,0.0,0.0,0.0,0.0,1.0,1.0,1.0,1.0,0.0,0.0,0.0,0.0,0.0,0.0,0.0,0.0,0.0,0.0,0.0,41,134:53:43,0.0,0.0,0.0,0.0,0.0,0.0
2025-07-25 14:15:59,0.0,0.0,0.0,0.0,1.0,1.0,1.0,1.0,0.0,0.0,0.0,0.0,0.0,0.0,0.0,0.0,0.0,0.0,0.0,41,134:53:49,0.0,0.0,0.0,0.0,0.0,0.0
2025-07-25 14:16:27,0.0,0.0,0.0,0.0,1.0,1.0,1.0,1.0,0.0,0.0,0.0,0.0,0.0,0.0,0.0,0.0,0.0,0.0,0.0,41,134:54:17,0.0,0.0,0.0,0.0,0.0,0.0
2025-07-25 14:16:32,0.0,0.0,0.0,0.0,1.0,1.0,1.0,1.0,0.0,0.0,0.0,0.0,0.0,0.0,0.0,0.0,0.0,0.0,0.0,41,134:54:23,0.0,0.0,0.0,0.0,0.0,0.0
2025-07-25 14:16:38,0.0,0.0,0.0,0.0,1.0,1.0,1.0,1.0,0.0,0.0,0.0,0.0,0.0,0.0,0.0,0.0,0.0,0.0,0.0,41,134:54:28,0.0,0.0,0.0,0.0,0.0,0.0
2025-07-25 14:16:44,0.0,0.0,0.0,0.0,1.0,1.0,1.0,1.0,0.0,0.0,0.0,0.0,0.0,0.0,0.0,0.0,0.0,0.0,0.0,41,134:54:34,0.0,0.0,0.0,0.0,0.0,0.0
2025-07-25 14:17:12,0.0,0.0,0.0,0.0,1.0,1.0,1.0,1.0,0.0,0.0,0.0,0.0,0.0,0.0,0.0,0.0,0.0,0.0,0.0,41,134:55:02,0.0,0.0,0.0,0.0,0.0,0.0
2025-07-25 14:17:18,0.0,0.0,0.0,0.0,1.0,1.0,1.0,1.0,0.0,0.0,0.0,0.0,0.0,0.0,0.0,0.0,0.0,0.0,0.0,41,134:55:08,0.0,0.0,0.0,0.0,0.0,0.0
2025-07-25 14:17:23,0.0,0.0,0.0,0.0,1.0,1.0,1.0,1.0,0.0,0.0,0.0,0.0,0.0,0.0,0.0,0.0,0.0,0.0,0.0,41,134:55:13,0.0,0.0,0.0,0.0,0.0,0.0
2025-07-25 14:21:29,0.0,0.0,0.0,0.0,1.0,1.0,1.0,1.0,80.55,0.0,241.66,0.0,0.0,0.0,0.0,0.0,49.97,0.0,0.0,41,134:59:19,0.0,1.09,0.0,0.0,0.0,0.0
2025-07-25 14:25:57,0.0,0.0,0.0,0.0,1.0,1.0,1.0,1.0,80.93,0.0,242.8,0.0,0.0,0.0,0.0,0.0,49.99,0.0,0.0,41,135:03:48,0.0,1.26,0.0,0.0,0.0,0.0
2025-07-25 14:26:03,0.0,0.0,0.0,0.0,1.0,1.0,1.0,1.0,80.93,0.0,242.79,0.0,0.0,0.0,0.0,0.0,49.99,0.0,0.0,41,135:03:53,0.0,1.26,0.0,0.0,0.0,0.0
2025-07-25 14:26:09,0.0,0.0,0.0,0.0,1.0,1.0,1.0,1.0,80.88,0.0,242.63,0.0,0.0,0.0,0.0,0.0,49.99,0.0,0.0,41,135:03:59,0.0,1.62,0.0,0.0,0.0,0.0
2025-07-25 14:26:15,0,0,0,0,0,0,0,0,0,0,0,0,0,0,0,0,0,0,0,0,0,0,0,0,0,0,0
2025-07-25 14:26:21,0.0,0.0,0.0,0.0,1.0,1.0,1.0,1.0,80.73,0.0,242.19,0.0,0.0,0.0,0.0,0.0,49.98,0.0,0.0,41,135:04:11,0.0,1.41,0.0,0.0,0.0,0.0
2025-07-25 14:26:27,0.0,0.0,0.0,0.0,1.0,1.0,1.0,1.0,80.69,0.0,242.08,0.0,0.0,0.0,0.0,0.0,49.98,0.0,0.0,41,135:04:17,0.0,1.41,0.0,0.0,0.0,0.0
2025-07-25 14:26:33,0.0,0.0,0.0,0.0,1.0,1.0,1.0,1.0,80.71,0.0,242.14,0.0,0.0,0.0,0.0,0.0,49.99,0.0,0.0,41,135:04:23,0.0,1.4,0.0,0.0,0.0,0.0
2025-07-25 14:26:38,0.0,0.0,0.0,0.0,1.0,1.0,1.0,1.0,80.73,0.0,242.18,0.0,0.0,0.0,0.0,0.0,49.98,0.0,0.0,41,135:04:29,0.0,1.12,0.0,0.0,0.0,0.0
2025-07-25 14:26:45,0,0,0,0,0,0,0,0,0,0,0,0,0,0,0,0,0,0,0,0,0,0,0,0,0,0,0
2025-07-25 14:26:50,0,0,0,0,0,0,0,0,0,0,0,0,0,0,0,0,0,0,0,0,0,0,0,0,0,0,0
2025-07-25 14:26:56,0.0,0.0,0.0,0.0,1.0,1.0,1.0,1.0,80.76,0.0,242.29,0.0,0.0,0.0,0.0,0.0,49.98,0.0,0.0,41,135:04:46,0.0,1.62,0.0,0.0,0.0,0.0
2025-07-25 14:27:02,0.0,0.0,0.0,0.0,1.0,1.0,1.0,1.0,80.75,0.0,242.26,0.0,0.0,0.0,0.0,0.0,49.99,0.0,0.0,41,135:04:52,0.0,1.59,0.0,0.0,0.0,0.0
2025-07-25 14:27:08,0.0,0.0,0.0,0.0,1.0,1.0,1.0,1.0,80.77,0.0,242.31,0.0,0.0,0.0,0.0,0.0,49.99,0.0,0.0,41,135:04:58,0.0,1.59,0.0,0.0,0.0,0.0
2025-07-25 14:27:13,0.0,0.0,0.0,0.0,1.0,1.0,1.0,1.0,80.74,0.0,242.21,0.0,0.0,0.0,0.0,0.0,49.99,0.0,0.0,41,135:05:04,0.0,1.57,0.0,0.0,0.0,0.0
2025-07-25 14:27:49,0.0,0.0,0.0,0.0,1.0,1.0,1.0,1.0,80.74,0.0,242.21,0.0,0.0,0.0,0.0,0.0,49.99,0.0,0.0,41,135:05:39,0.0,1.21,0.0,0.0,0.0,0.0
2025-07-25 14:27:54,0,0,0,0,0,0,0,0,0,0,0,0,0,0,0,0,0,0,0,0,0,0,0,0,0,0,0
2025-07-25 14:27:59,0,0,0,0,0,0,0,0,0,0,0,0,0,0,0,0,0,0,0,0,0,0,0,0,0,0,0
2025-07-25 14:28:06,0.0,0.0,0.0,0.0,1.0,1.0,1.0,1.0,80.67,0.0,242.01,0.0,0.0,0.0,0.0,0.0,49.98,0.0,0.0,41,135:05:56,0.0,1.21,0.0,0.0,0.0,0.0
2025-07-25 14:28:11,0.0,0.0,0.0,0.0,1.0,1.0,1.0,1.0,80.67,0.0,242.0,0.0,0.0,0.0,0.0,0.0,49.98,0.0,0.0,41,135:06:02,0.0,1.56,0.0,0.0,0.0,0.0
2025-07-25 14:28:17,0.0,0.0,0.0,0.0,1.0,1.0,1.0,1.0,80.68,0.0,242.03,0.0,0.0,0.0,0.0,0.0,49.98,0.0,0.0,41,135:06:07,0.0,1.2,0.0,0.0,0.0,0.0
2025-07-25 14:28:23,0.0,0.0,0.0,0.0,1.0,1.0,1.0,1.0,80.25,0.0,240.74,0.0,0.0,0.0,0.0,0.0,49.97,0.0,0.0,41,135:06:13,0.0,1.66,0.0,0.0,0.0,0.0
2025-07-25 14:28:28,0.0,0.0,0.0,0.0,1.0,1.0,1.0,1.0,80.29,0.0,240.87,0.0,0.0,0.0,0.0,0.0,49.97,0.0,0.0,41,135:06:19,0.0,1.61,0.0,0.0,0.0,0.0
2025-07-25 14:28:34,0,0,0,0,0,0,0,0,0,0,0,0,0,0,0,0,0,0,0,0,0,0,0,0,0,0,0
2025-07-25 14:28:39,-1,-1,-1,-1,-1,-1,-1,-1,-1,-1,-1,-1,-1,-1,-1,-1,-1,-1,-1,-1,-1,-1,-1,-1,-1,-1,-1
2025-07-25 14:28:45,0,0,0,0,0,0,0,0,0,0,0,0,0,0,0,0,0,0,0,0,0,0,0,0,0,0,0
2025-07-25 14:28:51,0,0,0,0,0,0,0,0,0,0,0,0,0,0,0,0,0,0,0,0,0,0,0,0,0,0,0
2025-07-25 14:28:57,0.0,0.0,0.0,0.0,1.0,1.0,1.0,1.0,80.31,0.0,240.94,0.0,0.0,0.0,0.0,0.0,49.97,0.0,0.0,41,135:06:47,0.0,1.24,0.0,0.0,0.0,0.0
2025-07-25 14:29:02,0.0,0.0,0.0,0.0,1.0,1.0,1.0,1.0,80.29,0.0,240.87,0.0,0.0,0.0,0.0,0.0,49.97,0.0,0.0,41,135:06:53,0.0,1.23,0.0,0.0,0.0,0.0
2025-07-25 14:29:08,0.0,0.0,0.0,0.0,1.0,1.0,1.0,1.0,80.29,0.0,240.86,0.0,0.0,0.0,0.0,0.0,49.97,0.0,0.0,41,135:06:58,0.0,1.44,0.0,0.0,0.0,0.0
2025-07-25 14:29:14,0.0,0.0,0.0,0.0,1.0,1.0,1.0,1.0,80.28,0.0,240.85,0.0,0.0,0.0,0.0,0.0,49.98,0.0,0.0,41,135:07:04,0.0,1.15,0.0,0.0,0.0,0.0
2025-07-25 14:29:20,0,0,0,0,0,0,0,0,0,0,0,0,0,0,0,0,0,0,0,0,0,0,0,0,0,0,0
2025-07-25 14:29:26,0.0,0.0,0.0,0.0,1.0,1.0,1.0,1.0,80.2,0.0,240.59,0.0,0.0,0.0,0.0,0.0,49.98,0.0,0.0,41,135:07:17,0.0,1.14,0.0,0.0,0.0,0.0
2025-07-25 14:29:32,0.0,0.0,0.0,0.0,1.0,1.0,1.0,1.0,80.18,0.0,240.53,0.0,0.0,0.0,0.0,0.0,49.98,0.0,0.0,41,135:07:22,0.0,1.27,0.0,0.0,0.0,0.0
2025-07-25 14:29:38,0.0,0.0,0.0,0.0,1.0,1.0,1.0,1.0,80.15,0.0,240.45,0.0,0.0,0.0,0.0,0.0,49.98,0.0,0.0,41,135:07:28,0.0,0.0,0.0,0.0,0.0,0.0
2025-07-25 14:29:43,0.0,0.0,0.0,0.0,1.0,1.0,1.0,1.0,80.18,0.0,240.55,0.0,0.0,0.0,0.0,0.0,49.98,0.0,0.0,41,135:07:34,0.0,1.18,0.0,0.0,0.0,0.0
2025-07-25 14:29:49,0,0,0,0,0,0,0,0,0,0,0,0,0,0,0,0,0,0,0,0,0,0,0,0,0,0,0
2025-07-25 14:29:56,0,0,0,0,0,0,0,0,0,0,0,0,0,0,0,0,0,0,0,0,0,0,0,0,0,0,0
2025-07-25 14:30:01,0.0,0.0,0.0,0.0,1.0,1.0,1.0,1.0,80.9,0.0,242.71,0.0,0.0,0.0,0.0,0.0,49.98,0.0,0.0,41,135:07:52,0.0,1.21,0.0,0.0,0.0,0.0
2025-07-25 14:30:07,0.0,0.0,0.0,0.0,1.0,1.0,1.0,1.0,80.83,0.0,242.48,0.0,0.0,0.0,0.0,0.0,49.98,0.0,0.0,41,135:07:57,0.0,1.2,0.0,0.0,0.0,0.0
2025-07-25 14:30:13,0.0,0.0,0.0,0.0,1.0,1.0,1.0,1.0,80.76,0.0,242.27,0.0,0.0,0.0,0.0,0.0,49.98,0.0,0.0,41,135:08:03,0.0,1.2,0.0,0.0,0.0,0.0
2025-07-25 14:30:18,0.0,0.0,0.0,0.0,1.0,1.0,1.0,1.0,80.7,0.0,242.09,0.0,0.0,0.0,0.0,0.0,49.98,0.0,0.0,41,135:08:09,0.0,1.2,0.0,0.0,0.0,0.0
2025-07-25 14:54:25,0.0,0.0,0.0,0.0,1.0,1.0,1.0,1.0,79.27,0.0,237.8,0.0,0.0,0.0,0.0,0.0,49.98,0.0,0.0,42,135:34:56,0.0,1.22,0.0,0.0,0.0,0.0
2025-07-25 14:54:31,0.0,0.0,0.0,0.0,1.0,1.0,1.0,1.0,79.23,0.0,237.68,0.0,0.0,0.0,0.0,0.0,49.98,0.0,0.0,42,135:35:02,0.0,1.07,0.0,0.0,0.0,0.0
2025-07-25 14:54:36,0.0,0.0,0.0,0.0,1.0,1.0,1.0,1.0,79.19,0.0,237.57,0.0,0.0,0.0,0.0,0.0,49.98,0.0,0.0,42,135:35:07,0.0,1.44,0.0,0.0,0.0,0.0
2025-07-25 14:54:42,0.0,0.0,0.0,0.0,1.0,1.0,1.0,1.0,79.16,0.0,237.47,0.0,0.0,0.0,0.0,0.0,49.98,0.0,0.0,42,135:35:13,0.0,1.08,0.0,0.0,0.0,0.0
2025-07-25 14:54:48,0,0,0,0,0,0,0,0,0,0,0,0,0,0,0,0,0,0,0,0,0,0,0,0,0,0,0
2025-07-25 14:54:54,0.0,0.0,0.0,0.0,1.0,1.0,1.0,1.0,79.16,0.0,237.48,0.0,0.0,0.0,0.0,0.0,49.98,0.0,0.0,42,135:35:25,0.0,1.09,0.0,0.0,0.0,0.0
2025-07-25 14:55:00,0.0,0.0,0.0,0.0,1.0,1.0,1.0,1.0,79.2,0.0,237.59,0.0,0.0,0.0,0.0,0.0,49.98,0.0,0.0,42,135:35:31,0.0,1.15,0.0,0.0,0.0,0.0
2025-07-25 14:55:06,0.0,0.0,0.0,0.0,1.0,1.0,1.0,1.0,79.23,0.0,237.7,0.0,0.0,0.0,0.0,0.0,49.98,0.0,0.0,42,135:35:37,0.0,1.15,0.0,0.0,0.0,0.0
2025-07-25 14:55:12,0.0,0.0,0.0,0.0,1.0,1.0,1.0,1.0,79.3,0.0,237.89,0.0,0.0,0.0,0.0,0.0,49.99,0.0,0.0,42,135:35:43,0.0,1.12,0.0,0.0,0.0,0.0
2025-07-25 14:55:18,0,0,0,0,0,0,0,0,0,0,0,0,0,0,0,0,0,0,0,0,0,0,0,0,0,0,0
2025-07-25 14:55:23,0,0,0,0,0,0,0,0,0,0,0,0,0,0,0,0,0,0,0,0,0,0,0,0,0,0,0
2025-07-25 14:55:29,0,0,0,0,0,0,0,0,0,0,0,0,0,0,0,0,0,0,0,0,0,0,0,0,0,0,0
2025-07-25 14:55:34,0,0,0,0,0,0,0,0,0,0,0,0,0,0,0,0,0,0,0,0,0,0,0,0,0,0,0
2025-07-25 14:55:39,0.0,0.0,0.0,0.0,1.0,1.0,1.0,1.0,79.33,0.0,238.0,0.0,0.0,0.0,0.0,0.0,50.0,0.0,0.0,42,135:36:10,0.0,1.1,0.0,0.0,0.0,0.0
2025-07-25 14:55:45,0.0,0.0,0.0,0.0,1.0,1.0,1.0,1.0,79.36,0.0,238.08,0.0,0.0,0.0,0.0,0.0,50.0,0.0,0.0,42,135:36:16,0.0,1.12,0.0,0.0,0.0,0.0
2025-07-25 14:55:51,0.0,0.0,0.0,0.0,1.0,1.0,1.0,1.0,79.38,0.0,238.15,0.0,0.0,0.0,0.0,0.0,50.0,0.0,0.0,42,135:36:22,0.0,1.04,0.0,0.0,0.0,0.0
2025-07-25 14:55:56,0.0,0.0,0.0,0.0,1.0,1.0,1.0,1.0,79.42,0.0,238.26,0.0,0.0,0.0,0.0,0.0,50.0,0.0,0.0,42,135:36:27,0.0,1.14,0.0,0.0,0.0,0.0
2025-07-25 14:56:02,0.0,0.0,0.0,0.0,1.0,1.0,1.0,1.0,79.42,0.0,238.27,0.0,0.0,0.0,0.0,0.0,50.01,0.0,0.0,42,135:36:33,0.0,1.14,0.0,0.0,0.0,0.0
2025-07-25 14:56:08,0,0,0,0,0,0,0,0,0,0,0,0,0,0,0,0,0,0,0,0,0,0,0,0,0,0,0
2025-07-25 14:56:15,0.0,0.0,0.0,0.0,1.0,1.0,1.0,1.0,79.39,0.0,238.18,0.0,0.0,0.0,0.0,0.0,50.01,0.0,0.0,42,135:36:46,0.0,0.0,0.0,0.0,0.0,0.0
2025-07-25 14:56:20,0.0,0.0,0.0,0.0,1.0,1.0,1.0,1.0,79.43,0.0,238.28,0.0,0.0,0.0,0.0,0.0,50.02,0.0,0.0,42,135:36:51,0.0,1.17,0.0,0.0,0.0,0.0
2025-07-25 14:56:26,0.0,0.0,0.0,0.0,1.0,1.0,1.0,1.0,79.43,0.0,238.3,0.0,0.0,0.0,0.0,0.0,50.02,0.0,0.0,42,135:36:57,0.0,1.16,0.0,0.0,0.0,0.0
2025-07-25 14:56:32,0.0,0.0,0.0,0.0,1.0,1.0,1.0,1.0,79.47,0.0,238.4,0.0,0.0,0.0,0.0,0.0,50.02,0.0,0.0,42,135:37:03,0.0,1.16,0.0,0.0,0.0,0.0
2025-07-25 14:56:37,0.0,0.0,0.0,0.0,1.0,1.0,1.0,1.0,79.5,0.0,238.5,0.0,0.0,0.0,0.0,0.0,50.02,0.0,0.0,42,135:37:08,0.0,1.02,0.0,0.0,0.0,0.0
2025-07-25 14:56:43,0,0,0,0,0,0,0,0,0,0,0,0,0,0,0,0,0,0,0,0,0,0,0,0,0,0,0
2025-07-25 14:56:49,0,0,0,0,0,0,0,0,0,0,0,0,0,0,0,0,0,0,0,0,0,0,0,0,0,0,0
2025-07-25 14:56:55,0.0,0.0,0.0,0.0,1.0,1.0,1.0,1.0,79.55,0.0,238.64,0.0,0.0,0.0,0.0,0.0,50.03,0.0,0.0,42,135:37:26,0.0,1.06,0.0,0.0,0.0,0.0
2025-07-25 14:57:00,0.0,0.0,0.0,0.0,1.0,1.0,1.0,1.0,79.58,0.0,238.73,0.0,0.0,0.0,0.0,0.0,50.03,0.0,0.0,42,135:37:31,0.0,1.25,0.0,0.0,0.0,0.0
2025-07-25 14:57:06,0.0,0.0,0.0,0.0,1.0,1.0,1.0,1.0,79.6,0.0,238.79,0.0,0.0,0.0,0.0,0.0,50.02,0.0,0.0,42,135:37:37,0.0,1.49,0.0,0.0,0.0,0.0
2025-07-25 14:57:12,0.0,0.0,0.0,0.0,1.0,1.0,1.0,1.0,79.62,0.0,238.86,0.0,0.0,0.0,0.0,0.0,50.02,0.0,0.0,42,135:37:43,0.0,1.03,0.0,0.0,0.0,0.0
2025-07-25 14:57:17,0,0,0,0,0,0,0,0,0,0,0,0,0,0,0,0,0,0,0,0,0,0,0,0,0,0,0
2025-07-25 14:57:23,0,0,0,0,0,0,0,0,0,0,0,0,0,0,0,0,0,0,0,0,0,0,0,0,0,0,0
2025-07-25 15:49:38,0,0,0,0,0,0,0,0,0,0,0,0,0,0,0,0,0,0,0,0,0,0,0,0,0,0,0
2025-07-25 15:49:43,0,0,0,0,0,0,0,0,0,0,0,0,0,0,0,0,0,0,0,0,0,0,0,0,0,0,0
2025-07-25 15:49:49,0,0,0,0,0,0,0,0,0,0,0,0,0,0,0,0,0,0,0,0,0,0,0,0,0,0,0
2025-07-25 15:49:55,0,0,0,0,0,0,0,0,0,0,0,0,0,0,0,0,0,0,0,0,0,0,0,0,0,0,0
2025-07-25 15:50:00,0,0,0,0,0,0,0,0,0,0,0,0,0,0,0,0,0,0,0,0,0,0,0,0,0,0,0
2025-07-25 15:50:06,0,0,0,0,0,0,0,0,0,0,0,0,0,0,0,0,0,0,0,0,0,0,0,0,0,0,0
2025-07-25 15:50:11,0,0,0,0,0,0,0,0,0,0,0,0,0,0,0,0,0,0,0,0,0,0,0,0,0,0,0
2025-07-25 15:50:17,0,0,0,0,0,0,0,0,0,0,0,0,0,0,0,0,0,0,0,0,0,0,0,0,0,0,0
2025-07-25 15:50:22,0,0,0,0,0,0,0,0,0,0,0,0,0,0,0,0,0,0,0,0,0,0,0,0,0,0,0
2025-07-25 15:50:29,0,0,0,0,0,0,0,0,0,0,0,0,0,0,0,0,0,0,0,0,0,0,0,0,0,0,0
2025-07-25 15:50:35,0,0,0,0,0,0,0,0,0,0,0,0,0,0,0,0,0,0,0,0,0,0,0,0,0,0,0
2025-07-25 15:50:41,0,0,0,0,0,0,0,0,0,0,0,0,0,0,0,0,0,0,0,0,0,0,0,0,0,0,0
2025-07-25 15:50:47,0,0,0,0,0,0,0,0,0,0,0,0,0,0,0,0,0,0,0,0,0,0,0,0,0,0,0
2025-07-25 15:50:53,0,0,0,0,0,0,0,0,0,0,0,0,0,0,0,0,0,0,0,0,0,0,0,0,0,0,0
2025-07-25 15:50:58,0,0,0,0,0,0,0,0,0,0,0,0,0,0,0,0,0,0,0,0,0,0,0,0,0,0,0
2025-07-25 15:51:03,0,0,0,0,0,0,0,0,0,0,0,0,0,0,0,0,0,0,0,0,0,0,0,0,0,0,0
2025-07-25 15:51:09,0,0,0,0,0,0,0,0,0,0,0,0,0,0,0,0,0,0,0,0,0,0,0,0,0,0,0
2025-07-25 15:51:15,0,0,0,0,0,0,0,0,0,0,0,0,0,0,0,0,0,0,0,0,0,0,0,0,0,0,0
2025-07-25 15:51:20,0,0,0,0,0,0,0,0,0,0,0,0,0,0,0,0,0,0,0,0,0,0,0,0,0,0,0
2025-07-25 15:51:26,0,0,0,0,0,0,0,0,0,0,0,0,0,0,0,0,0,0,0,0,0,0,0,0,0,0,0
2025-07-25 15:51:31,0,0,0,0,0,0,0,0,0,0,0,0,0,0,0,0,0,0,0,0,0,0,0,0,0,0,0
2025-07-25 15:51:36,0,0,0,0,0,0,0,0,0,0,0,0,0,0,0,0,0,0,0,0,0,0,0,0,0,0,0
2025-07-25 15:51:41,0,0,0,0,0,0,0,0,0,0,0,0,0,0,0,0,0,0,0,0,0,0,0,0,0,0,0
2025-07-25 15:51:46,0,0,0,0,0,0,0,0,0,0,0,0,0,0,0,0,0,0,0,0,0,0,0,0,0,0,0
2025-07-25 15:51:51,0,0,0,0,0,0,0,0,0,0,0,0,0,0,0,0,0,0,0,0,0,0,0,0,0,0,0
2025-07-25 15:51:56,0,0,0,0,0,0,0,0,0,0,0,0,0,0,0,0,0,0,0,0,0,0,0,0,0,0,0
2025-07-25 15:52:02,0,0,0,0,0,0,0,0,0,0,0,0,0,0,0,0,0,0,0,0,0,0,0,0,0,0,0
2025-07-25 15:52:07,0,0,0,0,0,0,0,0,0,0,0,0,0,0,0,0,0,0,0,0,0,0,0,0,0,0,0
2025-07-25 15:52:13,0,0,0,0,0,0,0,0,0,0,0,0,0,0,0,0,0,0,0,0,0,0,0,0,0,0,0
2025-07-25 15:52:18,0,0,0,0,0,0,0,0,0,0,0,0,0,0,0,0,0,0,0,0,0,0,0,0,0,0,0
2025-07-25 15:52:25,0,0,0,0,0,0,0,0,0,0,0,0,0,0,0,0,0,0,0,0,0,0,0,0,0,0,0
2025-07-25 15:52:31,0,0,0,0,0,0,0,0,0,0,0,0,0,0,0,0,0,0,0,0,0,0,0,0,0,0,0
2025-07-25 15:52:36,0,0,0,0,0,0,0,0,0,0,0,0,0,0,0,0,0,0,0,0,0,0,0,0,0,0,0
2025-07-25 15:52:42,0,0,0,0,0,0,0,0,0,0,0,0,0,0,0,0,0,0,0,0,0,0,0,0,0,0,0
2025-07-25 15:52:48,0,0,0,0,0,0,0,0,0,0,0,0,0,0,0,0,0,0,0,0,0,0,0,0,0,0,0
2025-07-25 15:52:54,0,0,0,0,0,0,0,0,0,0,0,0,0,0,0,0,0,0,0,0,0,0,0,0,0,0,0
2025-07-25 15:52:59,0,0,0,0,0,0,0,0,0,0,0,0,0,0,0,0,0,0,0,0,0,0,0,0,0,0,0
2025-07-25 15:53:05,0,0,0,0,0,0,0,0,0,0,0,0,0,0,0,0,0,0,0,0,0,0,0,0,0,0,0
2025-07-25 15:53:10,0,0,0,0,0,0,0,0,0,0,0,0,0,0,0,0,0,0,0,0,0,0,0,0,0,0,0
2025-07-25 15:53:15,0,0,0,0,0,0,0,0,0,0,0,0,0,0,0,0,0,0,0,0,0,0,0,0,0,0,0
2025-07-25 15:53:21,0,0,0,0,0,0,0,0,0,0,0,0,0,0,0,0,0,0,0,0,0,0,0,0,0,0,0
2025-07-25 15:53:26,0,0,0,0,0,0,0,0,0,0,0,0,0,0,0,0,0,0,0,0,0,0,0,0,0,0,0
2025-07-25 15:53:31,0,0,0,0,0,0,0,0,0,0,0,0,0,0,0,0,0,0,0,0,0,0,0,0,0,0,0
2025-07-25 15:53:36,0,0,0,0,0,0,0,0,0,0,0,0,0,0,0,0,0,0,0,0,0,0,0,0,0,0,0
2025-07-25 15:53:41,0,0,0,0,0,0,0,0,0,0,0,0,0,0,0,0,0,0,0,0,0,0,0,0,0,0,0
2025-07-25 15:53:48,0,0,0,0,0,0,0,0,0,0,0,0,0,0,0,0,0,0,0,0,0,0,0,0,0,0,0
2025-07-25 15:53:53,0,0,0,0,0,0,0,0,0,0,0,0,0,0,0,0,0,0,0,0,0,0,0,0,0,0,0
2025-07-25 15:53:58,0,0,0,0,0,0,0,0,0,0,0,0,0,0,0,0,0,0,0,0,0,0,0,0,0,0,0
2025-07-25 15:54:04,0,0,0,0,0,0,0,0,0,0,0,0,0,0,0,0,0,0,0,0,0,0,0,0,0,0,0
2025-07-25 15:54:09,0,0,0,0,0,0,0,0,0,0,0,0,0,0,0,0,0,0,0,0,0,0,0,0,0,0,0
2025-07-25 15:54:14,0,0,0,0,0,0,0,0,0,0,0,0,0,0,0,0,0,0,0,0,0,0,0,0,0,0,0
2025-07-25 15:54:19,0,0,0,0,0,0,0,0,0,0,0,0,0,0,0,0,0,0,0,0,0,0,0,0,0,0,0
2025-07-25 15:54:25,0,0,0,0,0,0,0,0,0,0,0,0,0,0,0,0,0,0,0,0,0,0,0,0,0,0,0
2025-07-25 15:54:30,0,0,0,0,0,0,0,0,0,0,0,0,0,0,0,0,0,0,0,0,0,0,0,0,0,0,0
2025-07-25 15:54:36,0,0,0,0,0,0,0,0,0,0,0,0,0,0,0,0,0,0,0,0,0,0,0,0,0,0,0
2025-07-25 15:54:41,0,0,0,0,0,0,0,0,0,0,0,0,0,0,0,0,0,0,0,0,0,0,0,0,0,0,0
2025-07-25 15:54:47,0,0,0,0,0,0,0,0,0,0,0,0,0,0,0,0,0,0,0,0,0,0,0,0,0,0,0
2025-07-25 15:54:53,0,0,0,0,0,0,0,0,0,0,0,0,0,0,0,0,0,0,0,0,0,0,0,0,0,0,0
2025-07-25 15:54:59,-1,-1,-1,-1,-1,-1,-1,-1,-1,-1,-1,-1,-1,-1,-1,-1,-1,-1,-1,-1,-1,-1,-1,-1,-1,-1,-1
2025-07-25 15:55:04,0,0,0,0,0,0,0,0,0,0,0,0,0,0,0,0,0,0,0,0,0,0,0,0,0,0,0
2025-07-25 15:55:11,0,0,0,0,0,0,0,0,0,0,0,0,0,0,0,0,0,0,0,0,0,0,0,0,0,0,0
2025-07-25 15:55:16,0,0,0,0,0,0,0,0,0,0,0,0,0,0,0,0,0,0,0,0,0,0,0,0,0,0,0
2025-07-25 15:55:21,0,0,0,0,0,0,0,0,0,0,0,0,0,0,0,0,0,0,0,0,0,0,0,0,0,0,0
2025-07-25 15:55:22,0,0,0,0,0,0,0,0,0,0,0,0,0,0,0,0,0,0,0,0,0,0,0,0,0,0,0
2025-07-25 15:55:26,0,0,0,0,0,0,0,0,0,0,0,0,0,0,0,0,0,0,0,0,0,0,0,0,0,0,0
2025-07-25 15:55:28,0,0,0,0,0,0,0,0,0,0,0,0,0,0,0,0,0,0,0,0,0,0,0,0,0,0,0
2025-07-25 15:55:31,0,0,0,0,0,0,0,0,0,0,0,0,0,0,0,0,0,0,0,0,0,0,0,0,0,0,0
2025-07-25 15:55:34,0,0,0,0,0,0,0,0,0,0,0,0,0,0,0,0,0,0,0,0,0,0,0,0,0,0,0
2025-07-25 15:55:37,0,0,0,0,0,0,0,0,0,0,0,0,0,0,0,0,0,0,0,0,0,0,0,0,0,0,0
2025-07-25 15:55:40,0,0,0,0,0,0,0,0,0,0,0,0,0,0,0,0,0,0,0,0,0,0,0,0,0,0,0
2025-07-25 15:55:42,-1,-1,-1,-1,-1,-1,-1,-1,-1,-1,-1,-1,-1,-1,-1,-1,-1,-1,-1,-1,-1,-1,-1,-1,-1,-1,-1
2025-07-25 15:55:45,0,0,0,0,0,0,0,0,0,0,0,0,0,0,0,0,0,0,0,0,0,0,0,0,0,0,0
2025-07-25 15:55:49,0,0,0,0,0,0,0,0,0,0,0,0,0,0,0,0,0,0,0,0,0,0,0,0,0,0,0
2025-07-25 15:55:52,0,0,0,0,0,0,0,0,0,0,0,0,0,0,0,0,0,0,0,0,0,0,0,0,0,0,0
2025-07-25 15:55:55,0,0,0,0,0,0,0,0,0,0,0,0,0,0,0,0,0,0,0,0,0,0,0,0,0,0,0
2025-07-25 15:55:57,0,0,0,0,0,0,0,0,0,0,0,0,0,0,0,0,0,0,0,0,0,0,0,0,0,0,0
2025-07-25 15:56:03,0,0,0,0,0,0,0,0,0,0,0,0,0,0,0,0,0,0,0,0,0,0,0,0,0,0,0
2025-07-25 15:56:08,0,0,0,0,0,0,0,0,0,0,0,0,0,0,0,0,0,0,0,0,0,0,0,0,0,0,0
2025-07-25 15:56:14,0,0,0,0,0,0,0,0,0,0,0,0,0,0,0,0,0,0,0,0,0,0,0,0,0,0,0
2025-07-25 15:56:20,0,0,0,0,0,0,0,0,0,0,0,0,0,0,0,0,0,0,0,0,0,0,0,0,0,0,0
2025-07-25 15:56:26,0,0,0,0,0,0,0,0,0,0,0,0,0,0,0,0,0,0,0,0,0,0,0,0,0,0,0
2025-07-25 15:56:49,0,0,0,0,0,0,0,0,0,0,0,0,0,0,0,0,0,0,0,0,0,0,0,0,0,0,0
2025-07-25 15:56:55,0,0,0,0,0,0,0,0,0,0,0,0,0,0,0,0,0,0,0,0,0,0,0,0,0,0,0
2025-07-25 15:57:00,0,0,0,0,0,0,0,0,0,0,0,0,0,0,0,0,0,0,0,0,0,0,0,0,0,0,0
2025-07-25 15:57:06,0,0,0,0,0,0,0,0,0,0,0,0,0,0,0,0,0,0,0,0,0,0,0,0,0,0,0
2025-07-25 15:57:11,0,0,0,0,0,0,0,0,0,0,0,0,0,0,0,0,0,0,0,0,0,0,0,0,0,0,0
2025-07-25 15:57:16,0,0,0,0,0,0,0,0,0,0,0,0,0,0,0,0,0,0,0,0,0,0,0,0,0,0,0
2025-07-25 15:57:21,0,0,0,0,0,0,0,0,0,0,0,0,0,0,0,0,0,0,0,0,0,0,0,0,0,0,0
2025-07-25 15:57:26,0,0,0,0,0,0,0,0,0,0,0,0,0,0,0,0,0,0,0,0,0,0,0,0,0,0,0
2025-07-25 15:57:32,0,0,0,0,0,0,0,0,0,0,0,0,0,0,0,0,0,0,0,0,0,0,0,0,0,0,0
2025-07-25 16:18:06,0.0,0.0,0.0,0.0,1.0,1.0,1.0,1.0,80.07,0.0,240.2,0.0,0.0,0.0,0.0,0.0,49.98,0.0,0.0,42,136:06:27,0.0,1.33,0.0,0.0,0.0,0.0
2025-07-25 16:18:12,0.0,0.0,0.0,0.0,1.0,1.0,1.0,1.0,80.06,0.0,240.18,0.0,0.0,0.0,0.0,0.0,49.99,0.0,0.0,42,136:06:33,0.0,1.64,0.0,0.0,0.0,0.0
2025-07-25 16:18:18,0,0,0,0,0,0,0,0,0,0,0,0,0,0,0,0,0,0,0,0,0,0,0,0,0,0,0
2025-07-25 16:18:25,0.0,0.0,0.0,0.0,1.0,1.0,1.0,1.0,80.08,0.0,240.23,0.0,0.0,0.0,0.0,0.0,49.99,0.0,0.0,42,136:06:45,0.0,1.27,0.0,0.0,0.0,0.0
2025-07-25 16:18:30,0.0,0.0,0.0,0.0,1.0,1.0,1.0,1.0,80.08,0.0,240.23,0.0,0.0,0.0,0.0,0.0,49.98,0.0,0.0,42,136:06:51,0.0,1.75,0.0,0.0,0.0,0.0
2025-07-25 16:18:36,0.0,0.0,0.0,0.0,1.0,1.0,1.0,1.0,80.04,0.0,240.12,0.0,0.0,0.0,0.0,0.0,49.98,0.0,0.0,42,136:06:57,0.0,1.76,0.0,0.0,0.0,0.0
2025-07-25 16:18:42,0.0,0.0,0.0,0.0,1.0,1.0,1.0,1.0,79.99,0.0,239.96,0.0,0.0,0.0,0.0,0.0,49.97,0.0,0.0,42,136:07:03,0.0,1.39,0.0,0.0,0.0,0.0
2025-07-25 16:18:47,0,0,0,0,0,0,0,0,0,0,0,0,0,0,0,0,0,0,0,0,0,0,0,0,0,0,0
2025-07-25 16:18:54,0.0,0.0,0.0,0.0,1.0,1.0,1.0,1.0,79.81,0.0,239.43,0.0,0.0,0.0,0.0,0.0,49.98,0.0,0.0,42,136:07:15,0.0,1.55,0.0,0.0,0.0,0.0
2025-07-25 16:19:00,0.0,0.0,0.0,0.0,1.0,1.0,1.0,1.0,79.86,0.0,239.59,0.0,0.0,0.0,0.0,0.0,49.98,0.0,0.0,42,136:07:21,0.0,1.42,0.0,0.0,0.0,0.0
2025-07-25 16:19:06,0.0,0.0,0.0,0.0,1.0,1.0,1.0,1.0,79.88,0.0,239.63,0.0,0.0,0.0,0.0,0.0,49.97,0.0,0.0,42,136:07:26,0.0,1.95,0.0,0.0,0.0,0.0
2025-07-25 16:19:11,0.0,0.0,0.0,0.0,1.0,1.0,1.0,1.0,79.89,0.0,239.67,0.0,0.0,0.0,0.0,0.0,49.98,0.0,0.0,42,136:07:32,0.0,1.3,0.0,0.0,0.0,0.0
2025-07-25 16:19:17,0.0,0.0,0.0,0.0,1.0,1.0,1.0,1.0,79.9,0.0,239.7,0.0,0.0,0.0,0.0,0.0,49.98,0.0,0.0,42,136:07:38,0.0,1.89,0.0,0.0,0.0,0.0
2025-07-25 16:19:22,0,0,0,0,0,0,0,0,0,0,0,0,0,0,0,0,0,0,0,0,0,0,0,0,0,0,0
2025-07-25 16:19:28,0,0,0,0,0,0,0,0,0,0,0,0,0,0,0,0,0,0,0,0,0,0,0,0,0,0,0
2025-07-25 16:19:34,0,0,0,0,0,0,0,0,0,0,0,0,0,0,0,0,0,0,0,0,0,0,0,0,0,0,0
2025-07-25 16:19:40,0.0,0.0,0.0,0.0,1.0,1.0,1.0,1.0,79.83,0.0,239.48,0.0,0.0,0.0,0.0,0.0,49.98,0.0,0.0,42,136:08:01,0.0,1.51,0.0,0.0,0.0,0.0
2025-07-25 16:19:46,0.0,0.0,0.0,0.0,1.0,1.0,1.0,1.0,79.8,0.0,239.41,0.0,0.0,0.0,0.0,0.0,49.98,0.0,0.0,42,136:08:06,0.0,1.63,0.0,0.0,0.0,0.0
2025-07-25 16:19:52,0.0,0.0,0.0,0.0,1.0,1.0,1.0,1.0,79.78,0.0,239.35,0.0,0.0,0.0,0.0,0.0,49.98,0.0,0.0,42,136:08:13,0.0,1.34,0.0,0.0,0.0,0.0
2025-07-25 16:19:58,0,0,0,0,0,0,0,0,0,0,0,0,0,0,0,0,0,0,0,0,0,0,0,0,0,0,0
2025-07-25 16:20:03,0,0,0,0,0,0,0,0,0,0,0,0,0,0,0,0,0,0,0,0,0,0,0,0,0,0,0
2025-07-25 16:20:09,0,0,0,0,0,0,0,0,0,0,0,0,0,0,0,0,0,0,0,0,0,0,0,0,0,0,0
2025-07-25 16:20:14,0.0,0.0,0.0,0.0,1.0,1.0,1.0,1.0,79.77,0.0,239.32,0.0,0.0,0.0,0.0,0.0,49.98,0.0,0.0,42,136:08:35,0.0,1.4,0.0,0.0,0.0,0.0
2025-07-25 16:20:20,0.0,0.0,0.0,0.0,1.0,1.0,1.0,1.0,79.77,0.0,239.3,0.0,0.0,0.0,0.0,0.0,49.98,0.0,0.0,42,136:08:41,0.0,1.54,0.0,0.0,0.0,0.0
2025-07-25 16:20:26,0.0,0.0,0.0,0.0,1.0,1.0,1.0,1.0,79.81,0.0,239.44,0.0,0.0,0.0,0.0,0.0,49.98,0.0,0.0,42,136:08:47,0.0,1.53,0.0,0.0,0.0,0.0
2025-07-25 16:20:31,0.0,0.0,0.0,0.0,1.0,1.0,1.0,1.0,79.86,0.0,239.59,0.0,0.0,0.0,0.0,0.0,49.98,0.0,0.0,42,136:08:52,0.0,1.96,0.0,0.0,0.0,0.0
2025-07-25 16:20:37,0.0,0.0,0.0,0.0,1.0,1.0,1.0,1.0,79.86,0.0,239.59,0.0,0.0,0.0,0.0,0.0,49.98,0.0,0.0,42,136:08:58,0.0,1.56,0.0,0.0,0.0,0.0
2025-07-25 16:20:43,0,0,0,0,0,0,0,0,0,0,0,0,0,0,0,0,0,0,0,0,0,0,0,0,0,0,0
2025-07-25 16:20:50,0,0,0,0,0,0,0,0,0,0,0,0,0,0,0,0,0,0,0,0,0,0,0,0,0,0,0
2025-07-25 16:20:56,0.0,0.0,0.0,0.0,1.0,1.0,1.0,1.0,79.85,0.0,239.55,0.0,0.0,0.0,0.0,0.0,49.98,0.0,0.0,42,136:09:17,0.0,1.56,0.0,0.0,0.0,0.0
2025-07-25 16:21:01,0.0,0.0,0.0,0.0,1.0,1.0,1.0,1.0,79.85,0.0,239.56,0.0,0.0,0.0,0.0,0.0,49.98,0.0,0.0,42,136:09:22,0.0,1.39,0.0,0.0,0.0,0.0
2025-07-25 16:21:07,0.0,0.0,0.0,0.0,1.0,1.0,1.0,1.0,79.86,0.0,239.58,0.0,0.0,0.0,0.0,0.0,49.98,0.0,0.0,42,136:09:28,0.0,1.26,0.0,0.0,0.0,0.0
2025-07-25 16:21:13,-1,-1,-1,-1,-1,-1,-1,-1,-1,-1,-1,-1,-1,-1,-1,-1,-1,-1,-1,-1,-1,-1,-1,-1,-1,-1,-1
2025-07-25 16:21:19,-1,-1,-1,-1,-1,-1,-1,-1,-1,-1,-1,-1,-1,-1,-1,-1,-1,-1,-1,-1,-1,-1,-1,-1,-1,-1,-1
2025-07-25 16:21:25,0.0,0.0,0.0,0.0,1.0,1.0,1.0,1.0,79.88,0.0,239.63,0.0,0.0,0.0,0.0,0.0,49.98,0.0,0.0,42,136:09:46,0.0,1.57,0.0,0.0,0.0,0.0
2025-07-25 16:21:31,0.0,0.0,0.0,0.0,1.0,1.0,1.0,1.0,78.13,0.0,234.4,0.0,0.0,0.0,0.0,0.0,49.41,0.0,0.0,42,136:09:51,0.0,1.53,0.0,0.0,0.0,0.0
2025-07-25 16:21:36,0.0,0.0,0.0,0.0,1.0,1.0,1.0,1.0,0.0,0.0,0.0,0.0,0.0,0.0,0.0,0.0,0.0,0.0,0.0,42,136:09:57,0.0,0.0,0.0,0.0,0.0,0.0
2025-07-25 16:21:42,0.0,0.0,0.0,0.0,1.0,1.0,1.0,1.0,0.0,0.0,0.0,0.0,0.0,0.0,0.0,0.0,0.0,0.0,0.0,42,136:10:03,0.0,0.0,0.0,0.0,0.0,0.0
2025-07-25 16:21:48,0,0,0,0,0,0,0,0,0,0,0,0,0,0,0,0,0,0,0,0,0,0,0,0,0,0,0
2025-07-25 16:21:55,0.0,0.0,0.0,0.0,1.0,1.0,1.0,1.0,0.0,0.0,0.0,0.0,0.0,0.0,0.0,0.0,0.0,0.0,0.0,42,136:10:16,0.0,0.0,0.0,0.0,0.0,0.0
2025-07-25 16:22:01,0.0,0.0,0.0,0.0,1.0,1.0,1.0,1.0,79.55,0.0,238.65,0.0,0.0,0.0,0.0,0.0,50.07,0.0,0.0,42,136:10:21,0.0,1.43,0.0,0.0,0.0,0.0
2025-07-25 16:22:06,0.0,0.0,0.0,0.0,1.0,1.0,1.0,1.0,79.55,0.0,238.64,0.0,0.0,0.0,0.0,0.0,50.03,0.0,0.0,42,136:10:27,0.0,1.54,0.0,0.0,0.0,0.0
2025-07-25 16:22:12,0.0,0.0,0.0,0.0,1.0,1.0,1.0,1.0,79.49,0.0,238.46,0.0,0.0,0.0,0.0,0.0,50.02,0.0,0.0,42,136:10:33,0.0,1.05,0.0,0.0,0.0,0.0
2025-07-25 16:22:18,0,0,0,0,0,0,0,0,0,0,0,0,0,0,0,0,0,0,0,0,0,0,0,0,0,0,0
2025-07-25 16:22:25,0.0,0.0,0.0,0.0,1.0,1.0,1.0,1.0,78.99,0.0,236.97,0.0,0.0,0.0,0.0,0.0,49.99,0.0,0.0,42,136:10:45,0.0,1.5,0.0,0.0,0.0,0.0
2025-07-25 16:22:30,0.0,0.0,0.0,0.0,1.0,1.0,1.0,1.0,79.01,0.0,237.03,0.0,0.0,0.0,0.0,0.0,50.0,0.0,0.0,42,136:10:51,0.0,1.5,0.0,0.0,0.0,0.0
2025-07-25 16:22:36,0.0,0.0,0.0,0.0,1.0,1.0,1.0,1.0,79.07,0.0,237.21,0.0,0.0,0.0,0.0,0.0,49.99,0.0,0.0,42,136:10:57,0.0,1.61,0.0,0.0,0.0,0.0
2025-07-25 16:22:42,0.0,0.0,0.0,0.0,1.0,1.0,1.0,1.0,79.12,0.0,237.35,0.0,0.0,0.0,0.0,0.0,49.99,0.0,0.0,42,136:11:02,0.0,1.63,0.0,0.0,0.0,0.0
2025-07-25 16:22:48,0,0,0,0,0,0,0,0,0,0,0,0,0,0,0,0,0,0,0,0,0,0,0,0,0,0,0
2025-07-25 16:22:53,0,0,0,0,0,0,0,0,0,0,0,0,0,0,0,0,0,0,0,0,0,0,0,0,0,0,0
2025-07-25 16:22:56,0.0,0.0,0.0,0.0,1.0,1.0,1.0,1.0,78.55,0.0,235.65,0.0,0.0,0.0,0.0,0.0,49.98,0.0,0.0,42,136:11:17,0.0,1.17,0.0,0.0,0.0,0.0
2025-07-25 16:22:58,0,0,0,0,0,0,0,0,0,0,0,0,0,0,0,0,0,0,0,0,0,0,0,0,0,0,0
2025-07-25 16:23:05,0.0,0.0,0.0,0.0,1.0,1.0,1.0,1.0,79.02,0.0,237.05,0.0,0.0,0.0,0.0,0.0,50.0,0.0,0.0,42,136:11:25,0.0,1.23,0.0,0.0,0.0,0.0
2025-07-25 16:23:11,0.0,0.0,0.0,0.0,1.0,1.0,1.0,1.0,79.0,0.0,236.99,0.0,0.0,0.0,0.0,0.0,49.99,0.0,0.0,42,136:11:32,0.0,1.53,0.0,0.0,0.0,0.0
2025-07-25 16:23:16,0.0,0.0,0.0,0.0,1.0,1.0,1.0,1.0,79.03,0.0,237.09,0.0,0.0,0.0,0.0,0.0,50.0,0.0,0.0,42,136:11:37,0.0,1.87,0.0,0.0,0.0,0.0
2025-07-25 16:23:22,0.0,0.0,0.0,0.0,1.0,1.0,1.0,1.0,79.04,0.0,237.13,0.0,0.0,0.0,0.0,0.0,49.99,0.0,0.0,42,136:11:43,0.0,1.87,0.0,0.0,0.0,0.0
2025-07-25 16:23:29,0,0,0,0,0,0,0,0,0,0,0,0,0,0,0,0,0,0,0,0,0,0,0,0,0,0,0
2025-07-25 16:23:35,0.0,0.0,0.0,0.0,1.0,1.0,1.0,1.0,79.06,0.0,237.18,0.0,0.0,0.0,0.0,0.0,49.99,0.0,0.0,42,136:11:55,0.0,1.56,0.0,0.0,0.0,0.0
2025-07-25 16:23:40,0.0,0.0,0.0,0.0,1.0,1.0,1.0,1.0,79.1,0.0,237.29,0.0,0.0,0.0,0.0,0.0,50.0,0.0,0.0,42,136:12:01,0.0,1.06,0.0,0.0,0.0,0.0
2025-07-25 16:23:46,0.0,0.0,0.0,0.0,1.0,1.0,1.0,1.0,79.11,0.0,237.34,0.0,0.0,0.0,0.0,0.0,49.99,0.0,0.0,42,136:12:07,0.0,0.0,0.0,0.0,0.0,0.0
2025-07-25 16:23:52,0.0,0.0,0.0,0.0,1.0,1.0,1.0,1.0,79.11,0.0,237.33,0.0,0.0,0.0,0.0,0.0,49.99,0.0,0.0,42,136:12:12,0.0,0.0,0.0,0.0,0.0,0.0
2025-07-25 16:23:55,0.0,0.0,0.0,0.0,1.0,1.0,1.0,1.0,79.1,0.0,237.3,0.0,0.0,0.0,0.0,0.0,49.99,0.0,0.0,42,136:12:15,0.0,1.0,0.0,0.0,0.0,0.0
2025-07-25 16:23:58,0,0,0,0,0,0,0,0,0,0,0,0,0,0,0,0,0,0,0,0,0,0,0,0,0,0,0
2025-07-25 16:24:00,0.0,0.0,0.0,0.0,1.0,1.0,1.0,1.0,79.07,0.0,237.2,0.0,0.0,0.0,0.0,0.0,50.0,0.0,0.0,42,136:12:21,0.0,1.02,0.0,0.0,0.0,0.0
2025-07-25 16:24:05,0.0,0.0,0.0,0.0,1.0,1.0,1.0,1.0,79.08,0.0,237.24,0.0,0.0,0.0,0.0,0.0,50.02,0.0,0.0,42,136:12:25,0.0,0.0,0.0,0.0,0.0,0.0
2025-07-25 16:24:06,0.0,0.0,0.0,0.0,1.0,1.0,1.0,1.0,79.09,0.0,237.27,0.0,0.0,0.0,0.0,0.0,50.02,0.0,0.0,42,136:12:27,0.0,1.09,0.0,0.0,0.0,0.0
2025-07-25 16:24:10,0.0,0.0,0.0,0.0,1.0,1.0,1.0,1.0,79.14,0.0,237.43,0.0,0.0,0.0,0.0,0.0,50.02,0.0,0.0,42,136:12:31,0.0,1.55,0.0,0.0,0.0,0.0
2025-07-25 16:24:12,0.0,0.0,0.0,0.0,1.0,1.0,1.0,1.0,79.18,0.0,237.54,0.0,0.0,0.0,0.0,0.0,50.01,0.0,0.0,42,136:12:32,0.0,1.55,0.0,0.0,0.0,0.0
2025-07-25 16:24:16,0.0,0.0,0.0,0.0,1.0,1.0,1.0,1.0,79.23,0.0,237.7,0.0,0.0,0.0,0.0,0.0,50.01,0.0,0.0,42,136:12:37,0.0,1.58,0.0,0.0,0.0,0.0
2025-07-25 16:24:18,0,0,0,0,0,0,0,0,0,0,0,0,0,0,0,0,0,0,0,0,0,0,0,0,0,0,0
2025-07-25 16:24:22,0.0,0.0,0.0,0.0,1.0,1.0,1.0,1.0,79.28,0.0,237.85,0.0,0.0,0.0,0.0,0.0,50.0,0.0,0.0,42,136:12:42,0.0,1.13,0.0,0.0,0.0,0.0
2025-07-25 16:24:25,0.0,0.0,0.0,0.0,1.0,1.0,1.0,1.0,79.3,0.0,237.89,0.0,0.0,0.0,0.0,0.0,50.0,0.0,0.0,42,136:12:45,0.0,0.0,0.0,0.0,0.0,0.0
2025-07-25 16:24:27,0,0,0,0,0,0,0,0,0,0,0,0,0,0,0,0,0,0,0,0,0,0,0,0,0,0,0
2025-07-25 16:24:30,0.0,0.0,0.0,0.0,1.0,1.0,1.0,1.0,79.32,0.0,237.97,0.0,0.0,0.0,0.0,0.0,49.99,0.0,0.0,42,136:12:51,0.0,0.0,0.0,0.0,0.0,0.0
2025-07-25 16:24:34,0.0,0.0,0.0,0.0,1.0,1.0,1.0,1.0,79.33,0.0,237.98,0.0,0.0,0.0,0.0,0.0,49.98,0.0,0.0,42,136:12:55,0.0,1.18,0.0,0.0,0.0,0.0
2025-07-25 16:24:36,0.0,0.0,0.0,0.0,1.0,1.0,1.0,1.0,79.36,0.0,238.07,0.0,0.0,0.0,0.0,0.0,50.0,0.0,0.0,42,136:12:57,0.0,1.01,0.0,0.0,0.0,0.0
2025-07-25 16:24:40,0.0,0.0,0.0,0.0,1.0,1.0,1.0,1.0,79.37,0.0,238.11,0.0,0.0,0.0,0.0,0.0,49.99,0.0,0.0,42,136:13:01,0.0,1.42,0.0,0.0,0.0,0.0
2025-07-25 16:24:42,0.0,0.0,0.0,0.0,1.0,1.0,1.0,1.0,79.38,0.0,238.13,0.0,0.0,0.0,0.0,0.0,49.99,0.0,0.0,42,136:13:03,0.0,1.15,0.0,0.0,0.0,0.0
2025-07-25 16:24:46,0.0,0.0,0.0,0.0,1.0,1.0,1.0,1.0,79.41,0.0,238.23,0.0,0.0,0.0,0.0,0.0,49.99,0.0,0.0,42,136:13:07,0.0,1.49,0.0,0.0,0.0,0.0
2025-07-25 16:24:48,0,0,0,0,0,0,0,0,0,0,0,0,0,0,0,0,0,0,0,0,0,0,0,0,0,0,0
2025-07-25 16:24:52,0.0,0.0,0.0,0.0,1.0,1.0,1.0,1.0,79.4,0.0,238.2,0.0,0.0,0.0,0.0,0.0,49.98,0.0,0.0,42,136:13:13,0.0,0.0,0.0,0.0,0.0,0.0
2025-07-25 16:24:55,0.0,0.0,0.0,0.0,1.0,1.0,1.0,1.0,79.42,0.0,238.26,0.0,0.0,0.0,0.0,0.0,49.98,0.0,0.0,42,136:13:15,0.0,1.09,0.0,0.0,0.0,0.0
2025-07-25 16:24:59,0,0,0,0,0,0,0,0,0,0,0,0,0,0,0,0,0,0,0,0,0,0,0,0,0,0,0
2025-07-25 16:25:01,0.0,0.0,0.0,0.0,1.0,1.0,1.0,1.0,79.42,0.0,238.25,0.0,0.0,0.0,0.0,0.0,49.98,0.0,0.0,42,136:13:22,0.0,1.53,0.0,0.0,0.0,0.0
2025-07-25 16:25:05,0.0,0.0,0.0,0.0,1.0,1.0,1.0,1.0,79.41,0.0,238.23,0.0,0.0,0.0,0.0,0.0,49.98,0.0,0.0,42,136:13:25,0.0,1.55,0.0,0.0,0.0,0.0
2025-07-25 16:25:06,0.0,0.0,0.0,0.0,1.0,1.0,1.0,1.0,79.42,0.0,238.26,0.0,0.0,0.0,0.0,0.0,49.98,0.0,0.0,42,136:13:27,0.0,1.03,0.0,0.0,0.0,0.0
2025-07-25 16:25:11,0.0,0.0,0.0,0.0,1.0,1.0,1.0,1.0,79.44,0.0,238.31,0.0,0.0,0.0,0.0,0.0,49.99,0.0,0.0,42,136:13:31,0.0,1.03,0.0,0.0,0.0,0.0
2025-07-25 16:25:12,0.0,0.0,0.0,0.0,1.0,1.0,1.0,1.0,79.43,0.0,238.28,0.0,0.0,0.0,0.0,0.0,49.99,0.0,0.0,42,136:13:33,0.0,1.04,0.0,0.0,0.0,0.0
2025-07-25 16:25:16,0.0,0.0,0.0,0.0,1.0,1.0,1.0,1.0,79.4,0.0,238.2,0.0,0.0,0.0,0.0,0.0,49.98,0.0,0.0,42,136:13:37,0.0,1.04,0.0,0.0,0.0,0.0
2025-07-25 16:25:18,0,0,0,0,0,0,0,0,0,0,0,0,0,0,0,0,0,0,0,0,0,0,0,0,0,0,0
2025-07-25 16:25:22,0.0,0.0,0.0,0.0,1.0,1.0,1.0,1.0,79.39,0.0,238.16,0.0,0.0,0.0,0.0,0.0,49.98,0.0,0.0,42,136:13:43,0.0,1.07,0.0,0.0,0.0,0.0
2025-07-25 16:25:25,0.0,0.0,0.0,0.0,1.0,1.0,1.0,1.0,79.39,0.0,238.17,0.0,0.0,0.0,0.0,0.0,49.99,0.0,0.0,42,136:13:45,0.0,0.0,0.0,0.0,0.0,0.0
2025-07-25 16:25:28,0,0,0,0,0,0,0,0,0,0,0,0,0,0,0,0,0,0,0,0,0,0,0,0,0,0,0
2025-07-25 16:25:30,0.0,0.0,0.0,0.0,1.0,1.0,1.0,1.0,79.4,0.0,238.19,0.0,0.0,0.0,0.0,0.0,50.0,0.0,0.0,42,136:13:51,0.0,1.12,0.0,0.0,0.0,0.0
2025-07-25 16:25:35,0.0,0.0,0.0,0.0,1.0,1.0,1.0,1.0,79.4,0.0,238.2,0.0,0.0,0.0,0.0,0.0,49.99,0.0,0.0,42,136:13:55,0.0,1.06,0.0,0.0,0.0,0.0
2025-07-25 16:25:36,0.0,0.0,0.0,0.0,1.0,1.0,1.0,1.0,79.4,0.0,238.2,0.0,0.0,0.0,0.0,0.0,49.99,0.0,0.0,42,136:13:57,0.0,1.19,0.0,0.0,0.0,0.0
2025-07-25 16:25:40,0.0,0.0,0.0,0.0,1.0,1.0,1.0,1.0,79.41,0.0,238.23,0.0,0.0,0.0,0.0,0.0,49.99,0.0,0.0,42,136:14:01,0.0,1.18,0.0,0.0,0.0,0.0
2025-07-25 16:25:42,0.0,0.0,0.0,0.0,1.0,1.0,1.0,1.0,79.41,0.0,238.24,0.0,0.0,0.0,0.0,0.0,49.99,0.0,0.0,42,136:14:03,0.0,1.17,0.0,0.0,0.0,0.0
2025-07-25 16:25:46,0.0,0.0,0.0,0.0,1.0,1.0,1.0,1.0,79.42,0.0,238.25,0.0,0.0,0.0,0.0,0.0,50.0,0.0,0.0,42,136:14:07,0.0,1.11,0.0,0.0,0.0,0.0
2025-07-25 16:25:48,0,0,0,0,0,0,0,0,0,0,0,0,0,0,0,0,0,0,0,0,0,0,0,0,0,0,0
2025-07-25 16:25:52,0.0,0.0,0.0,0.0,1.0,1.0,1.0,1.0,79.42,0.0,238.25,0.0,0.0,0.0,0.0,0.0,49.99,0.0,0.0,42,136:14:12,0.0,1.09,0.0,0.0,0.0,0.0
2025-07-25 16:25:53,0,0,0,0,0,0,0,0,0,0,0,0,0,0,0,0,0,0,0,0,0,0,0,0,0,0,0
2025-07-25 16:25:58,0,0,0,0,0,0,0,0,0,0,0,0,0,0,0,0,0,0,0,0,0,0,0,0,0,0,0
2025-07-25 16:25:59,0.0,0.0,0.0,0.0,1.0,1.0,1.0,1.0,79.42,0.0,238.27,0.0,0.0,0.0,0.0,0.0,49.99,0.0,0.0,42,136:14:20,0.0,1.08,0.0,0.0,0.0,0.0
2025-07-25 16:26:05,0,0,0,0,0,0,0,0,0,0,0,0,0,0,0,0,0,0,0,0,0,0,0,0,0,0,0
2025-07-25 16:26:05,0.0,0.0,0.0,0.0,1.0,1.0,1.0,1.0,79.41,0.0,238.22,0.0,0.0,0.0,0.0,0.0,49.98,0.0,0.0,42,136:14:26,0.0,1.51,0.0,0.0,0.0,0.0
2025-07-25 16:26:10,0.0,0.0,0.0,0.0,1.0,1.0,1.0,1.0,79.4,0.0,238.21,0.0,0.0,0.0,0.0,0.0,49.98,0.0,0.0,42,136:14:31,0.0,1.05,0.0,0.0,0.0,0.0
2025-07-25 16:26:11,0.0,0.0,0.0,0.0,1.0,1.0,1.0,1.0,79.41,0.0,238.23,0.0,0.0,0.0,0.0,0.0,49.98,0.0,0.0,42,136:14:32,0.0,1.05,0.0,0.0,0.0,0.0
2025-07-25 16:26:16,0.0,0.0,0.0,0.0,1.0,1.0,1.0,1.0,79.4,0.0,238.21,0.0,0.0,0.0,0.0,0.0,49.98,0.0,0.0,42,136:14:37,0.0,1.25,0.0,0.0,0.0,0.0
2025-07-25 16:26:17,0.0,0.0,0.0,0.0,1.0,1.0,1.0,1.0,79.4,0.0,238.21,0.0,0.0,0.0,0.0,0.0,49.98,0.0,0.0,42,136:14:38,0.0,1.25,0.0,0.0,0.0,0.0
2025-07-25 16:26:22,0.0,0.0,0.0,0.0,1.0,1.0,1.0,1.0,79.39,0.0,238.16,0.0,0.0,0.0,0.0,0.0,49.99,0.0,0.0,42,136:14:42,0.0,1.6,0.0,0.0,0.0,0.0
2025-07-25 16:26:22,0,0,0,0,0,0,0,0,0,0,0,0,0,0,0,0,0,0,0,0,0,0,0,0,0,0,0
2025-07-25 16:26:28,0,0,0,0,0,0,0,0,0,0,0,0,0,0,0,0,0,0,0,0,0,0,0,0,0,0,0
2025-07-25 16:26:28,0,0,0,0,0,0,0,0,0,0,0,0,0,0,0,0,0,0,0,0,0,0,0,0,0,0,0
2025-07-25 16:26:34,0,0,0,0,0,0,0,0,0,0,0,0,0,0,0,0,0,0,0,0,0,0,0,0,0,0,0
2025-07-25 16:26:35,0.0,0.0,0.0,0.0,1.0,1.0,1.0,1.0,79.45,0.0,238.36,0.0,0.0,0.0,0.0,0.0,50.0,0.0,0.0,42,136:14:56,0.0,1.13,0.0,0.0,0.0,0.0
2025-07-25 16:26:40,0.0,0.0,0.0,0.0,1.0,1.0,1.0,1.0,79.45,0.0,238.36,0.0,0.0,0.0,0.0,0.0,49.98,0.0,0.0,42,136:15:01,0.0,1.13,0.0,0.0,0.0,0.0
2025-07-25 16:26:41,0.0,0.0,0.0,0.0,1.0,1.0,1.0,1.0,79.46,0.0,238.37,0.0,0.0,0.0,0.0,0.0,49.98,0.0,0.0,42,136:15:02,0.0,1.13,0.0,0.0,0.0,0.0
2025-07-25 16:26:46,0.0,0.0,0.0,0.0,1.0,1.0,1.0,1.0,79.45,0.0,238.35,0.0,0.0,0.0,0.0,0.0,49.98,0.0,0.0,42,136:15:07,0.0,1.67,0.0,0.0,0.0,0.0
2025-07-25 16:26:46,0.0,0.0,0.0,0.0,1.0,1.0,1.0,1.0,79.45,0.0,238.35,0.0,0.0,0.0,0.0,0.0,49.98,0.0,0.0,42,136:15:07,0.0,1.67,0.0,0.0,0.0,0.0
2025-07-25 16:26:51,0.0,0.0,0.0,0.0,1.0,1.0,1.0,1.0,79.45,0.0,238.36,0.0,0.0,0.0,0.0,0.0,50.29,0.0,0.0,42,136:15:12,0.0,1.48,0.0,0.0,0.0,0.0
2025-07-25 16:26:52,0.0,0.0,0.0,0.0,1.0,1.0,1.0,1.0,79.46,0.0,238.39,0.0,0.0,0.0,0.0,0.0,49.97,0.0,0.0,42,136:15:13,0.0,1.02,0.0,0.0,0.0,0.0
2025-07-25 16:26:57,0.0,0.0,0.0,0.0,1.0,1.0,1.0,1.0,79.4,0.0,238.19,0.0,0.0,0.0,0.0,0.0,49.97,0.0,0.0,42,136:15:18,0.0,0.0,0.0,0.0,0.0,0.0
2025-07-25 16:26:59,0,0,0,0,0,0,0,0,0,0,0,0,0,0,0,0,0,0,0,0,0,0,0,0,0,0,0
2025-07-25 16:27:02,0,0,0,0,0,0,0,0,0,0,0,0,0,0,0,0,0,0,0,0,0,0,0,0,0,0,0
2025-07-25 16:27:05,0,0,0,0,0,0,0,0,0,0,0,0,0,0,0,0,0,0,0,0,0,0,0,0,0,0,0
2025-07-25 16:27:09,0,0,0,0,0,0,0,0,0,0,0,0,0,0,0,0,0,0,0,0,0,0,0,0,0,0,0
2025-07-25 16:27:11,0.0,0.0,0.0,0.0,1.0,1.0,1.0,1.0,79.31,0.0,237.94,0.0,0.0,0.0,0.0,0.0,49.97,0.0,0.0,42,136:15:32,0.0,1.54,0.0,0.0,0.0,0.0
2025-07-25 16:27:14,0.0,0.0,0.0,0.0,1.0,1.0,1.0,1.0,79.31,0.0,237.92,0.0,0.0,0.0,0.0,0.0,49.97,0.0,0.0,42,136:15:35,0.0,1.14,0.0,0.0,0.0,0.0
2025-07-25 16:27:17,0.0,0.0,0.0,0.0,1.0,1.0,1.0,1.0,79.29,0.0,237.88,0.0,0.0,0.0,0.0,0.0,49.97,0.0,0.0,42,136:15:37,0.0,0.0,0.0,0.0,0.0,0.0
2025-07-25 16:27:20,0.0,0.0,0.0,0.0,1.0,1.0,1.0,1.0,79.28,0.0,237.85,0.0,0.0,0.0,0.0,0.0,49.98,0.0,0.0,42,136:15:41,0.0,1.13,0.0,0.0,0.0,0.0
2025-07-25 16:27:23,0,0,0,0,0,0,0,0,0,0,0,0,0,0,0,0,0,0,0,0,0,0,0,0,0,0,0
2025-07-25 16:27:26,0.0,0.0,0.0,0.0,1.0,1.0,1.0,1.0,79.26,0.0,237.78,0.0,0.0,0.0,0.0,0.0,49.98,0.0,0.0,42,136:15:46,0.0,0.0,0.0,0.0,0.0,0.0
2025-07-25 16:27:30,0.0,0.0,0.0,0.0,1.0,1.0,1.0,1.0,79.24,0.0,237.71,0.0,0.0,0.0,0.0,0.0,49.97,0.0,0.0,42,136:15:51,0.0,1.01,0.0,0.0,0.0,0.0
2025-07-25 16:27:32,0.0,0.0,0.0,0.0,1.0,1.0,1.0,1.0,79.23,0.0,237.69,0.0,0.0,0.0,0.0,0.0,49.97,0.0,0.0,42,136:15:53,0.0,1.01,0.0,0.0,0.0,0.0
2025-07-25 16:27:36,0.0,0.0,0.0,0.0,1.0,1.0,1.0,1.0,79.18,0.0,237.54,0.0,0.0,0.0,0.0,0.0,49.95,0.0,0.0,42,136:15:57,0.0,0.0,0.0,0.0,0.0,0.0
2025-07-25 16:27:38,0,0,0,0,0,0,0,0,0,0,0,0,0,0,0,0,0,0,0,0,0,0,0,0,0,0,0
2025-07-25 16:27:41,0.0,0.0,0.0,0.0,1.0,1.0,1.0,1.0,79.15,0.0,237.46,0.0,0.0,0.0,0.0,0.0,49.97,0.0,0.0,42,136:16:02,0.0,0.0,0.0,0.0,0.0,0.0
2025-07-25 16:27:45,0.0,0.0,0.0,0.0,1.0,1.0,1.0,1.0,79.14,0.0,237.42,0.0,0.0,0.0,0.0,0.0,49.98,0.0,0.0,42,136:16:05,0.0,0.0,0.0,0.0,0.0,0.0
2025-07-25 16:27:47,0.0,0.0,0.0,0.0,1.0,1.0,1.0,1.0,79.14,0.0,237.43,0.0,0.0,0.0,0.0,0.0,49.99,0.0,0.0,42,136:16:08,0.0,0.0,0.0,0.0,0.0,0.0
2025-07-25 16:27:50,0.0,0.0,0.0,0.0,1.0,1.0,1.0,1.0,79.14,0.0,237.43,0.0,0.0,0.0,0.0,0.0,49.98,0.0,0.0,42,136:16:11,0.0,1.11,0.0,0.0,0.0,0.0
2025-07-25 16:27:52,0,0,0,0,0,0,0,0,0,0,0,0,0,0,0,0,0,0,0,0,0,0,0,0,0,0,0
2025-07-25 16:27:56,0.0,0.0,0.0,0.0,1.0,1.0,1.0,1.0,79.17,0.0,237.5,0.0,0.0,0.0,0.0,0.0,49.99,0.0,0.0,42,136:16:17,0.0,1.15,0.0,0.0,0.0,0.0
2025-07-25 16:27:57,0,0,0,0,0,0,0,0,0,0,0,0,0,0,0,0,0,0,0,0,0,0,0,0,0,0,0
2025-07-25 16:28:02,0.0,0.0,0.0,0.0,1.0,1.0,1.0,1.0,79.15,0.0,237.45,0.0,0.0,0.0,0.0,0.0,49.99,0.0,0.0,42,136:16:22,0.0,0.0,0.0,0.0,0.0,0.0
2025-07-25 16:28:04,0,0,0,0,0,0,0,0,0,0,0,0,0,0,0,0,0,0,0,0,0,0,0,0,0,0,0
2025-07-25 16:28:08,0,0,0,0,0,0,0,0,0,0,0,0,0,0,0,0,0,0,0,0,0,0,0,0,0,0,0
2025-07-25 16:28:10,0.0,0.0,0.0,0.0,1.0,1.0,1.0,1.0,79.13,0.0,237.39,0.0,0.0,0.0,0.0,0.0,49.99,0.0,0.0,42,136:16:30,0.0,0.0,0.0,0.0,0.0,0.0
2025-07-25 16:28:15,0,0,0,0,0,0,0,0,0,0,0,0,0,0,0,0,0,0,0,0,0,0,0,0,0,0,0
2025-07-25 16:28:16,0.0,0.0,0.0,0.0,1.0,1.0,1.0,1.0,79.16,0.0,237.47,0.0,0.0,0.0,0.0,0.0,49.99,0.0,0.0,42,136:16:37,0.0,1.05,0.0,0.0,0.0,0.0
2025-07-25 16:28:21,0.0,0.0,0.0,0.0,1.0,1.0,1.0,1.0,79.22,0.0,237.67,0.0,0.0,0.0,0.0,0.0,49.99,0.0,0.0,42,136:16:42,0.0,0.0,0.0,0.0,0.0,0.0
2025-07-25 16:28:22,0.0,0.0,0.0,0.0,1.0,1.0,1.0,1.0,79.24,0.0,237.72,0.0,0.0,0.0,0.0,0.0,49.99,0.0,0.0,42,136:16:43,0.0,1.11,0.0,0.0,0.0,0.0
2025-07-25 16:28:27,0.0,0.0,0.0,0.0,1.0,1.0,1.0,1.0,79.27,0.0,237.82,0.0,0.0,0.0,0.0,0.0,49.99,0.0,0.0,42,136:16:47,0.0,1.11,0.0,0.0,0.0,0.0
2025-07-25 16:28:28,0,0,0,0,0,0,0,0,0,0,0,0,0,0,0,0,0,0,0,0,0,0,0,0,0,0,0
2025-07-25 16:28:32,0.0,0.0,0.0,0.0,1.0,1.0,1.0,1.0,79.29,0.0,237.88,0.0,0.0,0.0,0.0,0.0,49.99,0.0,0.0,42,136:16:53,0.0,0.0,0.0,0.0,0.0,0.0
2025-07-25 16:28:35,0.0,0.0,0.0,0.0,1.0,1.0,1.0,1.0,79.3,0.0,237.89,0.0,0.0,0.0,0.0,0.0,49.99,0.0,0.0,42,136:16:56,0.0,0.0,0.0,0.0,0.0,0.0
2025-07-25 16:28:39,0,0,0,0,0,0,0,0,0,0,0,0,0,0,0,0,0,0,0,0,0,0,0,0,0,0,0
2025-07-25 16:28:41,0.0,0.0,0.0,0.0,1.0,1.0,1.0,1.0,79.32,0.0,237.96,0.0,0.0,0.0,0.0,0.0,49.99,0.0,0.0,42,136:17:02,0.0,0.0,0.0,0.0,0.0,0.0
2025-07-25 16:28:45,0.0,0.0,0.0,0.0,1.0,1.0,1.0,1.0,79.33,0.0,237.99,0.0,0.0,0.0,0.0,0.0,49.99,0.0,0.0,42,136:17:05,0.0,1.01,0.0,0.0,0.0,0.0
2025-07-25 16:28:47,0.0,0.0,0.0,0.0,1.0,1.0,1.0,1.0,79.33,0.0,237.99,0.0,0.0,0.0,0.0,0.0,49.98,0.0,0.0,42,136:17:07,0.0,1.01,0.0,0.0,0.0,0.0
2025-07-25 16:28:50,0.0,0.0,0.0,0.0,1.0,1.0,1.0,1.0,79.32,0.0,237.97,0.0,0.0,0.0,0.0,0.0,49.98,0.0,0.0,42,136:17:11,0.0,1.02,0.0,0.0,0.0,0.0
2025-07-25 16:28:53,0,0,0,0,0,0,0,0,0,0,0,0,0,0,0,0,0,0,0,0,0,0,0,0,0,0,0
2025-07-25 16:28:56,0.0,0.0,0.0,0.0,1.0,1.0,1.0,1.0,79.33,0.0,237.99,0.0,0.0,0.0,0.0,0.0,49.98,0.0,0.0,42,136:17:17,0.0,0.0,0.0,0.0,0.0,0.0
2025-07-25 16:28:59,0.0,0.0,0.0,0.0,1.0,1.0,1.0,1.0,79.34,0.0,238.01,0.0,0.0,0.0,0.0,0.0,49.98,0.0,0.0,42,136:17:20,0.0,1.14,0.0,0.0,0.0,0.0
2025-07-25 16:29:02,0.0,0.0,0.0,0.0,1.0,1.0,1.0,1.0,79.34,0.0,238.01,0.0,0.0,0.0,0.0,0.0,49.98,0.0,0.0,42,136:17:23,0.0,0.0,0.0,0.0,0.0,0.0
2025-07-25 16:29:04,0.0,0.0,0.0,0.0,1.0,1.0,1.0,1.0,79.34,0.0,238.02,0.0,0.0,0.0,0.0,0.0,49.98,0.0,0.0,42,136:17:25,0.0,1.02,0.0,0.0,0.0,0.0
2025-07-25 16:29:08,0,0,0,0,0,0,0,0,0,0,0,0,0,0,0,0,0,0,0,0,0,0,0,0,0,0,0
2025-07-25 16:29:10,0.0,0.0,0.0,0.0,1.0,1.0,1.0,1.0,79.36,0.0,238.07,0.0,0.0,0.0,0.0,0.0,49.98,0.0,0.0,42,136:17:31,0.0,1.13,0.0,0.0,0.0,0.0
2025-07-25 16:29:15,-1,-1,-1,-1,-1,-1,-1,-1,-1,-1,-1,-1,-1,-1,-1,-1,-1,-1,-1,-1,-1,-1,-1,-1,-1,-1,-1
2025-07-25 16:30:55,0.0,0.0,0.0,0.0,1.0,1.0,1.0,1.0,79.51,0.0,238.53,0.0,0.0,0.0,0.0,0.0,49.99,0.0,0.0,42,136:19:16,0.0,1.13,0.0,0.0,0.0,0.0
2025-07-25 16:31:01,0.0,0.0,0.0,0.0,1.0,1.0,1.0,1.0,79.56,0.0,238.68,0.0,0.0,0.0,0.0,0.0,50.0,0.0,0.0,42,136:19:22,0.0,1.11,0.0,0.0,0.0,0.0
2025-07-25 16:31:06,0.0,0.0,0.0,0.0,1.0,1.0,1.0,1.0,79.6,0.0,238.81,0.0,0.0,0.0,0.0,0.0,49.99,0.0,0.0,42,136:19:27,0.0,0.0,0.0,0.0,0.0,0.0
2025-07-25 16:31:12,0.0,0.0,0.0,0.0,1.0,1.0,1.0,1.0,79.62,0.0,238.86,0.0,0.0,0.0,0.0,0.0,49.98,0.0,0.0,42,136:19:33,0.0,1.03,0.0,0.0,0.0,0.0
2025-07-25 16:31:18,0,0,0,0,0,0,0,0,0,0,0,0,0,0,0,0,0,0,0,0,0,0,0,0,0,0,0
2025-07-25 16:31:25,0.0,0.0,0.0,0.0,1.0,1.0,1.0,1.0,79.63,0.0,238.9,0.0,0.0,0.0,0.0,0.0,49.98,0.0,0.0,42,136:19:45,0.0,1.07,0.0,0.0,0.0,0.0
2025-07-25 16:31:30,0.0,0.0,0.0,0.0,1.0,1.0,1.0,1.0,79.57,0.0,238.72,0.0,0.0,0.0,0.0,0.0,49.98,0.0,0.0,42,136:19:51,0.0,0.0,0.0,0.0,0.0,0.0
2025-07-25 16:31:36,0.0,0.0,0.0,0.0,1.0,1.0,1.0,1.0,79.55,0.0,238.65,0.0,0.0,0.0,0.0,0.0,49.99,0.0,0.0,42,136:19:57,0.0,0.0,0.0,0.0,0.0,0.0
2025-07-25 16:31:42,0.0,0.0,0.0,0.0,1.0,1.0,1.0,1.0,79.58,0.0,238.73,0.0,0.0,0.0,0.0,0.0,49.98,0.0,0.0,42,136:20:02,0.0,1.12,0.0,0.0,0.0,0.0
2025-07-25 16:31:48,0,0,0,0,0,0,0,0,0,0,0,0,0,0,0,0,0,0,0,0,0,0,0,0,0,0,0
2025-07-25 16:31:54,0.0,0.0,0.0,0.0,1.0,1.0,1.0,1.0,79.63,0.0,238.9,0.0,0.0,0.0,0.0,0.0,49.99,0.0,0.0,42,136:20:15,0.0,1.24,0.0,0.0,0.0,0.0
2025-07-25 16:32:00,0.0,0.0,0.0,0.0,1.0,1.0,1.0,1.0,79.65,0.0,238.95,0.0,0.0,0.0,0.0,0.0,49.98,0.0,0.0,42,136:20:21,0.0,0.0,0.0,0.0,0.0,0.0
